Angel,Mortal
tjunhon,erns33
theophiluschee,ZeWeiLiewSG
lemeowy,chewypianoo
buymemykoi,frymash
jaydenleung,zacharyleong
gabrielwann,javocaddo
triciatqe,samsong03
butter_rice,trolloy
englarious,techsaviy
fsn2103,j_caff
cannotsia,shaoxunn
sealysnoopy,Hoaroile
YeeChee,kalent
raininsg,wrisss
dar0uzly,Hinlokk
justinelau,kaylechoo
clairechengyj,douhwas
loser_of_the_year,tr1cia
yyilin,asparaguas
starziels,cheryltsu
cornberly,yuxuanxuans
josephweee,feng_wei
ranteoo,blurkeith
victoriaa_cky,Fishshank
sarawrchu,arielchannn
reneeeetmq,tommyquak
keislr,Jaaddenn56
marcepoopoo,missingkaya
faith_kelly,tequilaaz
frehnky,jt533
Alexchua8873,OhRaySen
xincii,zhenglory
HoneyBooBooOOO,iz_wayne
therunningyan,mannmara
Elisha_Loh,andregie
chewytofu,matcus
EifionLee,javelulu
